,a
,
,
,
,
,
,
chip_structure.png,
chip_structure_torii_01.png,
chip_structure_torii_02.png,
chip_structure_kareki.png,
,
chip_structure_bamboo.png,
chip_structure_jizo_01.png,
chip_structure_jizo_02.png,
chip_structure_flower.png,
chip_structure_wood_02_1.png,
chip_structure_wood_02_2.png,
chip_structure_wood_02_3.png,
chip_structure_wood_02_4.png,
chip_structure_wood_01_1.png,
chip_structure_wood_01_2.png,
chip_structure_wood_01_3.png,
chip_structure_wood_01_4.png,
chip_structure_bamboo_01.png,
chip_structure_rock.png,
chip_structure_bamboo_02.png,
chip_structure_bamboo_03.png,
chip_structure_bamboo_04.png,
chip_structure_flower_01.png,
,
chip_structure_flower_02.png,
chip_structure_cut_bamboo_03.png,
chip_structure_syoutengai_tatemono_moto_1.png,
chip_structure_syoutengai_tatemono_moto_2.png,
chip_structure_syoutengai_tatemono_moto_3.png,
chip_structure_syoutengai_tatemono_moto_4.png,
chip_structure_syoutengai_tatemono_moto_5.png,
chip_structure_hariyama.png,
chip_structure_jizo_03.png,
chip_structure_rock_box.png,
chip_structure_cut_bamboo_01.png,
chip_structure_tombstone.png,
chip_structure_cut_bamboo_02.png,
